"GEO_ID","NAME","B01003_001E","B01003_001M"
"id","Geographic Area Name","Estimate!!Total","Margin of Error!!Total"
"0500000US01003","Baldwin County, Alabama","218022","*****"
"0500000US01015","Calhoun County, Alabama","114277","*****"
"0500000US01043","Cullman County, Alabama","83442","*****"
"0500000US01049","DeKalb County, Alabama","71385","*****"
"0500000US01051","Elmore County, Alabama","81887","*****"
"0500000US01055","Etowah County, Alabama","102501","*****"
"0500000US01069","Houston County, Alabama","104722","*****"
"0500000US01073","Jefferson County, Alabama","659300","*****"
"0500000US01077","Lauderdale County, Alabama","92387","*****"
"0500000US01081","Lee County, Alabama","163941","*****"
"0500000US01083","Limestone County, Alabama","96174","*****"
"0500000US01089","Madison County, Alabama","366519","*****"
"0500000US01095","Marshall County, Alabama","96109","*****"
"0500000US01097","Mobile County, Alabama","413757","*****"
"0500000US01101","Montgomery County, Alabama","225763","*****"
"0500000US01103","Morgan County, Alabama","119089","*****"
"0500000US01115","St. Clair County, Alabama","88690","*****"
"0500000US01117","Shelby County, Alabama","215707","*****"
"0500000US01121","Talladega County, Alabama","79828","*****"
"0500000US01125","Tuscaloosa County, Alabama","208911","*****"
"0500000US01127","Walker County, Alabama","63711","*****"
"0500000US02020","Anchorage Municipality, Alaska","291538","*****"
"0500000US02090","Fairbanks North Star Borough, Alaska","98971","*****"
"0500000US02170","Matanuska-Susitna Borough, Alaska","107610","*****"
"0500000US04001","Apache County, Arizona","71818","*****"
"0500000US04003","Cochise County, Arizona","126770","*****"
"0500000US04005","Coconino County, Arizona","142854","*****"
"0500000US04013","Maricopa County, Arizona","4410824","*****"
"0500000US04015","Mohave County, Arizona","209550","*****"
"0500000US04017","Navajo County, Arizona","110445","*****"
"0500000US04019","Pima County, Arizona","1039073","*****"
"0500000US04021","Pinal County, Arizona","447138","*****"
"0500000US04025","Yavapai County, Arizona","231993","*****"
"0500000US04027","Yuma County, Arizona","212128","*****"
"0500000US05007","Benton County, Arkansas","272608","*****"
"0500000US05031","Craighead County, Arkansas","108558","*****"
"0500000US05045","Faulkner County, Arkansas","124806","*****"
"0500000US05051","Garland County, Arkansas","99154","*****"
"0500000US05069","Jefferson County, Arkansas","68114","*****"
"0500000US05085","Lonoke County, Arkansas","73657","*****"
"0500000US05119","Pulaski County, Arkansas","392680","*****"
"0500000US05125","Saline County, Arkansas","121421","*****"
"0500000US05131","Sebastian County, Arkansas","127753","*****"
"0500000US05143","Washington County, Arkansas","236961","*****"
"0500000US05145","White County, Arkansas","78727","*****"
"0500000US06001","Alameda County, California","1666753","*****"
"0500000US06007","Butte County, California","231256","*****"
"0500000US06013","Contra Costa County, California","1150215","*****"
"0500000US06017","El Dorado County, California","190678","*****"
"0500000US06019","Fresno County, California","994400","*****"
"0500000US06023","Humboldt County, California","136373","*****"
"0500000US06025","Imperial County, California","181827","*****"
"0500000US06029","Kern County, California","896764","*****"
"0500000US06031","Kings County, California","151366","*****"
"0500000US06033","Lake County, California","64382","*****"
"0500000US06037","Los Angeles County, California","10105518","*****"
"0500000US06039","Madera County, California","157672","*****"
"0500000US06041","Marin County, California","259666","*****"
"0500000US06045","Mendocino County, California","87606","*****"
"0500000US06047","Merced County, California","274765","*****"
"0500000US06053","Monterey County, California","435594","*****"
"0500000US06055","Napa County, California","139417","*****"
"0500000US06057","Nevada County, California","99696","*****"
"0500000US06059","Orange County, California","3185968","*****"
"0500000US06061","Placer County, California","393149","*****"
"0500000US06065","Riverside County, California","2450758","*****"
"0500000US06067","Sacramento County, California","1540975","*****"
"0500000US06071","San Bernardino County, California","2171603","*****"
"0500000US06073","San Diego County, California","3343364","*****"
"0500000US06075","San Francisco County, California","883305","*****"
"0500000US06077","San Joaquin County, California","752660","*****"
"0500000US06079","San Luis Obispo County, California","284010","*****"
"0500000US06081","San Mateo County, California","769545","*****"
"0500000US06083","Santa Barbara County, California","446527","*****"
"0500000US06085","Santa Clara County, California","1937570","*****"
"0500000US06087","Santa Cruz County, California","274255","*****"
"0500000US06089","Shasta County, California","180040","*****"
"0500000US06095","Solano County, California","446610","*****"
"0500000US06097","Sonoma County, California","499942","*****"
"0500000US06099","Stanislaus County, California","549815","*****"
"0500000US06101","Sutter County, California","96807","*****"
"0500000US06107","Tulare County, California","465861","*****"
"0500000US06111","Ventura County, California","850967","*****"
"0500000US06113","Yolo County, California","220408","*****"
"0500000US06115","Yuba County, California","78041","*****"
"0500000US08001","Adams County, Colorado","511868","*****"
"0500000US08005","Arapahoe County, Colorado","651215","*****"
"0500000US08013","Boulder County, Colorado","326078","*****"
"0500000US08014","Broomfield County, Colorado","69267","*****"
"0500000US08031","Denver County, Colorado","716492","*****"
"0500000US08035","Douglas County, Colorado","342776","*****"
"0500000US08041","El Paso County, Colorado","713856","*****"
"0500000US08059","Jefferson County, Colorado","580233","*****"
"0500000US08069","Larimer County, Colorado","350518","*****"
"0500000US08077","Mesa County, Colorado","153207","*****"
"0500000US08101","Pueblo County, Colorado","167529","*****"
"0500000US08123","Weld County, Colorado","314305","*****"
"0500000US09001","Fairfield County, Connecticut","943823","*****"
"0500000US09003","Hartford County, Connecticut","892697","*****"
"0500000US09005","Litchfield County, Connecticut","181111","*****"
"0500000US09007","Middlesex County, Connecticut","162682","*****"
"0500000US09009","New Haven County, Connecticut","857620","*****"
"0500000US09011","New London County, Connecticut","266784","*****"
"0500000US09013","Tolland County, Connecticut","150921","*****"
"0500000US09015","Windham County, Connecticut","117027","*****"
"0500000US10001","Kent County, Delaware","178550","*****"
"0500000US10003","New Castle County, Delaware","559335","*****"
"0500000US10005","Sussex County, Delaware","229286","*****"
"0500000US11001","District of Columbia, District of Columbia","702455","*****"
"0500000US12001","Alachua County, Florida","269956","*****"
"0500000US12005","Bay County, Florida","185287","*****"
"0500000US12009","Brevard County, Florida","596849","*****"
"0500000US12011","Broward County, Florida","1951260","*****"
"0500000US12015","Charlotte County, Florida","184998","*****"
"0500000US12017","Citrus County, Florida","147929","*****"
"0500000US12019","Clay County, Florida","216072","*****"
"0500000US12021","Collier County, Florida","378488","*****"
"0500000US12023","Columbia County, Florida","70503","*****"
"0500000US12031","Duval County, Florida","950181","*****"
"0500000US12033","Escambia County, Florida","315534","*****"
"0500000US12035","Flagler County, Florida","112067","*****"
"0500000US12053","Hernando County, Florida","190865","*****"
"0500000US12055","Highlands County, Florida","105424","*****"
"0500000US12057","Hillsborough County, Florida","1436888","*****"
"0500000US12061","Indian River County, Florida","157413","*****"
"0500000US12069","Lake County, Florida","356495","*****"
"0500000US12071","Lee County, Florida","754610","*****"
"0500000US12073","Leon County, Florida","292502","*****"
"0500000US12081","Manatee County, Florida","394855","*****"
"0500000US12083","Marion County, Florida","359977","*****"
"0500000US12085","Martin County, Florida","160912","*****"
"0500000US12086","Miami-Dade County, Florida","2761581","*****"
"0500000US12087","Monroe County, Florida","75027","*****"
"0500000US12089","Nassau County, Florida","85832","*****"
"0500000US12091","Okaloosa County, Florida","207269","*****"
"0500000US12095","Orange County, Florida","1380645","*****"
"0500000US12097","Osceola County, Florida","367990","*****"
"0500000US12099","Palm Beach County, Florida","1485941","*****"
"0500000US12101","Pasco County, Florida","539630","*****"
"0500000US12103","Pinellas County, Florida","975280","*****"
"0500000US12105","Polk County, Florida","708009","*****"
"0500000US12107","Putnam County, Florida","74163","*****"
"0500000US12109","St. Johns County, Florida","254261","*****"
"0500000US12111","St. Lucie County, Florida","321128","*****"
"0500000US12113","Santa Rosa County, Florida","179349","*****"
"0500000US12115","Sarasota County, Florida","426718","*****"
"0500000US12117","Seminole County, Florida","467832","*****"
"0500000US12119","Sumter County, Florida","128754","*****"
"0500000US12127","Volusia County, Florida","547538","*****"
"0500000US12131","Walton County, Florida","71375","*****"
"0500000US13013","Barrow County, Georgia","80809","*****"
"0500000US13015","Bartow County, Georgia","106408","*****"
"0500000US13021","Bibb County, Georgia","153095","*****"
"0500000US13031","Bulloch County, Georgia","77296","*****"
"0500000US13045","Carroll County, Georgia","118121","*****"
"0500000US13047","Catoosa County, Georgia","67420","*****"
"0500000US13051","Chatham County, Georgia","289195","*****"
"0500000US13057","Cherokee County, Georgia","254149","*****"
"0500000US13059","Clarke County, Georgia","127330","*****"
"0500000US13063","Clayton County, Georgia","289615","*****"
"0500000US13067","Cobb County, Georgia","756865","*****"
"0500000US13073","Columbia County, Georgia","154291","*****"
"0500000US13077","Coweta County, Georgia","145864","*****"
"0500000US13089","DeKalb County, Georgia","756558","*****"
"0500000US13095","Dougherty County, Georgia","91243","*****"
"0500000US13097","Douglas County, Georgia","145331","*****"
"0500000US13113","Fayette County, Georgia","113459","*****"
"0500000US13115","Floyd County, Georgia","97927","*****"
"0500000US13117","Forsyth County, Georgia","236612","*****"
"0500000US13121","Fulton County, Georgia","1050114","*****"
"0500000US13127","Glynn County, Georgia","85219","*****"
"0500000US13135","Gwinnett County, Georgia","927781","*****"
"0500000US13139","Hall County, Georgia","202148","*****"
"0500000US13151","Henry County, Georgia","230220","*****"
"0500000US13153","Houston County, Georgia","155469","*****"
"0500000US13157","Jackson County, Georgia","70422","*****"
"0500000US13185","Lowndes County, Georgia","116321","*****"
"0500000US13215","Muscogee County, Georgia","194160","*****"
"0500000US13217","Newton County, Georgia","109541","*****"
"0500000US13223","Paulding County, Georgia","164044","*****"
"0500000US13245","Richmond County, Georgia","201554","*****"
"0500000US13247","Rockdale County, Georgia","90594","*****"
"0500000US13255","Spalding County, Georgia","66100","*****"
"0500000US13285","Troup County, Georgia","70034","*****"
"0500000US13295","Walker County, Georgia","69410","*****"
"0500000US13297","Walton County, Georgia","93503","*****"
"0500000US13313","Whitfield County, Georgia","104062","*****"
"0500000US15001","Hawaii County, Hawaii","200983","*****"
"0500000US15003","Honolulu County, Hawaii","980080","*****"
"0500000US15007","Kauai County, Hawaii","72133","*****"
"0500000US15009","Maui County, Hawaii","167218","59"
"0500000US16001","Ada County, Idaho","469966","*****"
"0500000US16005","Bannock County, Idaho","87138","*****"
"0500000US16019","Bonneville County, Idaho","116854","*****"
"0500000US16027","Canyon County, Idaho","223499","*****"
"0500000US16055","Kootenai County, Idaho","161505","*****"
"0500000US16083","Twin Falls County, Idaho","86081","*****"
"0500000US17001","Adams County, Illinois","65691","*****"
"0500000US17019","Champaign County, Illinois","209983","*****"
"0500000US17031","Cook County, Illinois","5180493","*****"
"0500000US17037","DeKalb County, Illinois","104143","*****"
"0500000US17043","DuPage County, Illinois","928589","*****"
"0500000US17089","Kane County, Illinois","534216","*****"
"0500000US17091","Kankakee County, Illinois","110024","*****"
"0500000US17093","Kendall County, Illinois","127915","*****"
"0500000US17097","Lake County, Illinois","700832","*****"
"0500000US17099","LaSalle County, Illinois","109430","*****"
"0500000US17111","McHenry County, Illinois","308570","*****"
"0500000US17113","McLean County, Illinois","172828","*****"
"0500000US17115","Macon County, Illinois","104712","*****"
"0500000US17119","Madison County, Illinois","264461","*****"
"0500000US17143","Peoria County, Illinois","180621","*****"
"0500000US17161","Rock Island County, Illinois","143477","*****"
"0500000US17163","St. Clair County, Illinois","261059","*****"
"0500000US17167","Sangamon County, Illinois","195348","*****"
"0500000US17179","Tazewell County, Illinois","132328","*****"
"0500000US17183","Vermilion County, Illinois","76806","*****"
"0500000US17197","Will County, Illinois","692310","*****"
"0500000US17199","Williamson County, Illinois","67056","*****"
"0500000US17201","Winnebago County, Illinois","284081","*****"
"0500000US18003","Allen County, Indiana","375351","*****"
"0500000US18005","Bartholomew County, Indiana","82753","*****"
"0500000US18011","Boone County, Indiana","66999","*****"
"0500000US18019","Clark County, Indiana","117360","*****"
"0500000US18035","Delaware County, Indiana","114772","*****"
"0500000US18039","Elkhart County, Indiana","205560","*****"
"0500000US18043","Floyd County, Indiana","77781","*****"
"0500000US18053","Grant County, Indiana","65936","*****"
"0500000US18057","Hamilton County, Indiana","330086","*****"
"0500000US18059","Hancock County, Indiana","76351","*****"
"0500000US18063","Hendricks County, Indiana","167009","*****"
"0500000US18067","Howard County, Indiana","82366","*****"
"0500000US18081","Johnson County, Indiana","156225","*****"
"0500000US18085","Kosciusko County, Indiana","79344","*****"
"0500000US18089","Lake County, Indiana","484411","*****"
"0500000US18091","LaPorte County, Indiana","110007","*****"
"0500000US18095","Madison County, Indiana","129641","*****"
"0500000US18097","Marion County, Indiana","954670","*****"
"0500000US18105","Monroe County, Indiana","146917","*****"
"0500000US18109","Morgan County, Indiana","70116","*****"
"0500000US18127","Porter County, Indiana","169594","*****"
"0500000US18141","St. Joseph County, Indiana","270771","*****"
"0500000US18157","Tippecanoe County, Indiana","193048","*****"
"0500000US18163","Vanderburgh County, Indiana","180974","*****"
"0500000US18167","Vigo County, Indiana","107386","*****"
"0500000US18177","Wayne County, Indiana","65936","*****"
"0500000US19013","Black Hawk County, Iowa","132408","*****"
"0500000US19049","Dallas County, Iowa","90180","*****"
"0500000US19061","Dubuque County, Iowa","96854","*****"
"0500000US19103","Johnson County, Iowa","151260","*****"
"0500000US19113","Linn County, Iowa","225909","*****"
"0500000US19153","Polk County, Iowa","487204","*****"
"0500000US19155","Pottawattamie County, Iowa","93533","*****"
"0500000US19163","Scott County, Iowa","173283","*****"
"0500000US19169","Story County, Iowa","98105","*****"
"0500000US19193","Woodbury County, Iowa","102539","*****"
"0500000US20015","Butler County, Kansas","66765","*****"
"0500000US20045","Douglas County, Kansas","121436","*****"
"0500000US20091","Johnson County, Kansas","597555","*****"
"0500000US20103","Leavenworth County, Kansas","81352","*****"
"0500000US20161","Riley County, Kansas","73703","*****"
"0500000US20173","Sedgwick County, Kansas","513607","*****"
"0500000US20177","Shawnee County, Kansas","177499","*****"
"0500000US20209","Wyandotte County, Kansas","165324","*****"
"0500000US21015","Boone County, Kentucky","131533","*****"
"0500000US21029","Bullitt County, Kentucky","81069","*****"
"0500000US21037","Campbell County, Kentucky","93152","*****"
"0500000US21047","Christian County, Kentucky","71671","*****"
"0500000US21059","Daviess County, Kentucky","101104","*****"
"0500000US21067","Fayette County, Kentucky","323780","*****"
"0500000US21093","Hardin County, Kentucky","110356","*****"
"0500000US21111","Jefferson County, Kentucky","770517","*****"
"0500000US21117","Kenton County, Kentucky","166051","*****"
"0500000US21145","McCracken County, Kentucky","65346","*****"
"0500000US21151","Madison County, Kentucky","92368","*****"
"0500000US21185","Oldham County, Kentucky","66470","*****"
"0500000US21227","Warren County, Kentucky","131264","*****"
"0500000US22005","Ascension Parish, Louisiana","124672","*****"
"0500000US22015","Bossier Parish, Louisiana","127185","*****"
"0500000US22017","Caddo Parish, Louisiana","242922","*****"
"0500000US22019","Calcasieu Parish, Louisiana","203112","*****"
"0500000US22033","East Baton Rouge Parish, Louisiana","440956","*****"
"0500000US22045","Iberia Parish, Louisiana","70941","*****"
"0500000US22051","Jefferson Parish, Louisiana","434051","*****"
"0500000US22055","Lafayette Parish, Louisiana","242782","*****"
"0500000US22057","Lafourche Parish, Louisiana","98115","*****"
"0500000US22063","Livingston Parish, Louisiana","139567","*****"
"0500000US22071","Orleans Parish, Louisiana","391006","*****"
"0500000US22073","Ouachita Parish, Louisiana","154475","*****"
"0500000US22079","Rapides Parish, Louisiana","130562","*****"
"0500000US22097","St. Landry Parish, Louisiana","82764","*****"
"0500000US22103","St. Tammany Parish, Louisiana","258111","*****"
"0500000US22105","Tangipahoa Parish, Louisiana","133777","*****"
"0500000US22109","Terrebonne Parish, Louisiana","111021","*****"
"0500000US23001","Androscoggin County, Maine","107679","*****"
"0500000US23003","Aroostook County, Maine","67111","*****"
"0500000US23005","Cumberland County, Maine","293557","*****"
"0500000US23011","Kennebec County, Maine","122083","*****"
"0500000US23019","Penobscot County, Maine","151096","*****"
"0500000US23031","York County, Maine","206229","*****"
"0500000US24001","Allegany County, Maryland","70975","*****"
"0500000US24003","Anne Arundel County, Maryland","576031","*****"
"0500000US24005","Baltimore County, Maryland","828431","*****"
"0500000US24009","Calvert County, Maryland","92003","*****"
"0500000US24013","Carroll County, Maryland","168429","*****"
"0500000US24015","Cecil County, Maryland","102826","*****"
"0500000US24017","Charles County, Maryland","161503","*****"
"0500000US24021","Frederick County, Maryland","255648","*****"
"0500000US24025","Harford County, Maryland","253956","*****"
"0500000US24027","Howard County, Maryland","323196","*****"
"0500000US24031","Montgomery County, Maryland","1052567","*****"
"0500000US24033","Prince George's County, Maryland","909308","*****"
"0500000US24037","St. Mary's County, Maryland","112664","*****"
"0500000US24043","Washington County, Maryland","150926","*****"
"0500000US24045","Wicomico County, Maryland","103195","*****"
"0500000US24510","Baltimore city, Maryland","602495","*****"
"0500000US25001","Barnstable County, Massachusetts","213413","*****"
"0500000US25003","Berkshire County, Massachusetts","126348","*****"
"0500000US25005","Bristol County, Massachusetts","564022","*****"
"0500000US25009","Essex County, Massachusetts","790638","*****"
"0500000US25011","Franklin County, Massachusetts","70963","*****"
"0500000US25013","Hampden County, Massachusetts","470406","*****"
"0500000US25015","Hampshire County, Massachusetts","161355","*****"
"0500000US25017","Middlesex County, Massachusetts","1614714","*****"
"0500000US25021","Norfolk County, Massachusetts","705388","*****"
"0500000US25023","Plymouth County, Massachusetts","518132","*****"
"0500000US25025","Suffolk County, Massachusetts","807252","*****"
"0500000US25027","Worcester County, Massachusetts","830839","*****"
"0500000US26005","Allegan County, Michigan","117327","*****"
"0500000US26017","Bay County, Michigan","103923","*****"
"0500000US26021","Berrien County, Michigan","154141","*****"
"0500000US26025","Calhoun County, Michigan","134487","*****"
"0500000US26037","Clinton County, Michigan","79332","*****"
"0500000US26045","Eaton County, Michigan","109826","*****"
"0500000US26049","Genesee County, Michigan","406892","*****"
"0500000US26055","Grand Traverse County, Michigan","92573","*****"
"0500000US26065","Ingham County, Michigan","292735","*****"
"0500000US26073","Isabella County, Michigan","70562","*****"
"0500000US26075","Jackson County, Michigan","158823","*****"
"0500000US26077","Kalamazoo County, Michigan","264870","*****"
"0500000US26081","Kent County, Michigan","653786","*****"
"0500000US26087","Lapeer County, Michigan","88028","*****"
"0500000US26091","Lenawee County, Michigan","98266","*****"
"0500000US26093","Livingston County, Michigan","191224","*****"
"0500000US26099","Macomb County, Michigan","874759","*****"
"0500000US26103","Marquette County, Michigan","66516","*****"
"0500000US26111","Midland County, Michigan","83209","*****"
"0500000US26115","Monroe County, Michigan","150439","*****"
"0500000US26121","Muskegon County, Michigan","173588","*****"
"0500000US26125","Oakland County, Michigan","1259201","*****"
"0500000US26139","Ottawa County, Michigan","290494","*****"
"0500000US26145","Saginaw County, Michigan","190800","*****"
"0500000US26147","St. Clair County, Michigan","159337","*****"
"0500000US26155","Shiawassee County, Michigan","68192","*****"
"0500000US26159","Van Buren County, Michigan","75448","*****"
"0500000US26161","Washtenaw County, Michigan","370963","*****"
"0500000US26163","Wayne County, Michigan","1753893","*****"
"0500000US27003","Anoka County, Minnesota","353813","*****"
"0500000US27013","Blue Earth County, Minnesota","67427","*****"
"0500000US27019","Carver County, Minnesota","103551","*****"
"0500000US27037","Dakota County, Minnesota","425423","*****"
"0500000US27053","Hennepin County, Minnesota","1259428","*****"
"0500000US27109","Olmsted County, Minnesota","156277","*****"
"0500000US27123","Ramsey County, Minnesota","550210","*****"
"0500000US27131","Rice County, Minnesota","66523","*****"
"0500000US27137","St. Louis County, Minnesota","199754","*****"
"0500000US27139","Scott County, Minnesota","147381","*****"
"0500000US27141","Sherburne County, Minnesota","96036","*****"
"0500000US27145","Stearns County, Minnesota","159256","*****"
"0500000US27163","Washington County, Minnesota","259201","*****"
"0500000US27171","Wright County, Minnesota","136349","*****"
"0500000US28033","DeSoto County, Mississippi","182001","*****"
"0500000US28035","Forrest County, Mississippi","75036","*****"
"0500000US28047","Harrison County, Mississippi","206650","*****"
"0500000US28049","Hinds County, Mississippi","237085","*****"
"0500000US28059","Jackson County, Mississippi","143277","*****"
"0500000US28067","Jones County, Mississippi","68461","*****"
"0500000US28075","Lauderdale County, Mississippi","75317","*****"
"0500000US28081","Lee County, Mississippi","85202","*****"
"0500000US28089","Madison County, Mississippi","105630","*****"
"0500000US28121","Rankin County, Mississippi","153902","*****"
"0500000US29019","Boone County, Missouri","180005","*****"
"0500000US29021","Buchanan County, Missouri","88571","*****"
"0500000US29031","Cape Girardeau County, Missouri","78753","*****"
"0500000US29037","Cass County, Missouri","104954","*****"
"0500000US29043","Christian County, Missouri","86983","*****"
"0500000US29047","Clay County, Missouri","246365","*****"
"0500000US29051","Cole County, Missouri","76796","*****"
"0500000US29071","Franklin County, Missouri","103670","*****"
"0500000US29077","Greene County, Missouri","291923","*****"
"0500000US29095","Jackson County, Missouri","700307","*****"
"0500000US29097","Jasper County, Missouri","120636","*****"
"0500000US29099","Jefferson County, Missouri","224347","*****"
"0500000US29165","Platte County, Missouri","102985","*****"
"0500000US29183","St. Charles County, Missouri","399182","*****"
"0500000US29187","St. Francois County, Missouri","66692","*****"
"0500000US29189","St. Louis County, Missouri","996945","*****"
"0500000US29510","St. Louis city, Missouri","302838","*****"
"0500000US30013","Cascade County, Montana","81643","*****"
"0500000US30029","Flathead County, Montana","102106","*****"
"0500000US30031","Gallatin County, Montana","111876","*****"
"0500000US30049","Lewis and Clark County, Montana","68700","*****"
"0500000US30063","Missoula County, Montana","118791","*****"
"0500000US30111","Yellowstone County, Montana","160137","*****"
"0500000US31055","Douglas County, Nebraska","566880","*****"
"0500000US31109","Lancaster County, Nebraska","317272","*****"
"0500000US31153","Sarpy County, Nebraska","184459","*****"
"0500000US32003","Clark County, Nevada","2231647","*****"
"0500000US32031","Washoe County, Nevada","465735","*****"
"0500000US33005","Cheshire County, New Hampshire","76493","*****"
"0500000US33009","Grafton County, New Hampshire","89786","*****"
"0500000US33011","Hillsborough County, New Hampshire","415247","*****"
"0500000US33013","Merrimack County, New Hampshire","151132","*****"
"0500000US33015","Rockingham County, New Hampshire","309176","*****"
"0500000US33017","Strafford County, New Hampshire","130090","*****"
"0500000US34001","Atlantic County, New Jersey","265429","*****"
"0500000US34003","Bergen County, New Jersey","936692","*****"
"0500000US34005","Burlington County, New Jersey","445384","*****"
"0500000US34007","Camden County, New Jersey","507078","*****"
"0500000US34009","Cape May County, New Jersey","92560","*****"
"0500000US34011","Cumberland County, New Jersey","150972","*****"
"0500000US34013","Essex County, New Jersey","799767","*****"
"0500000US34015","Gloucester County, New Jersey","291408","*****"
"0500000US34017","Hudson County, New Jersey","676061","*****"
"0500000US34019","Hunterdon County, New Jersey","124714","*****"
"0500000US34021","Mercer County, New Jersey","369811","*****"
"0500000US34023","Middlesex County, New Jersey","829685","*****"
"0500000US34025","Monmouth County, New Jersey","621354","*****"
"0500000US34027","Morris County, New Jersey","494228","*****"
"0500000US34029","Ocean County, New Jersey","601651","*****"
"0500000US34031","Passaic County, New Jersey","503310","*****"
"0500000US34033","Salem County, New Jersey","62607","*****"
"0500000US34035","Somerset County, New Jersey","331164","*****"
"0500000US34037","Sussex County, New Jersey","140799","*****"
"0500000US34039","Union County, New Jersey","558067","*****"
"0500000US34041","Warren County, New Jersey","105779","*****"
"0500000US35001","Bernalillo County, New Mexico","678701","*****"
"0500000US35005","Chaves County, New Mexico","64689","*****"
"0500000US35013","Doña Ana County, New Mexico","217522","*****"
"0500000US35025","Lea County, New Mexico","69611","*****"
"0500000US35031","McKinley County, New Mexico","72290","*****"
"0500000US35035","Otero County, New Mexico","66781","*****"
"0500000US35043","Sandoval County, New Mexico","145179","*****"
"0500000US35045","San Juan County, New Mexico","125043","*****"
"0500000US35049","Santa Fe County, New Mexico","150056","*****"
"0500000US35061","Valencia County, New Mexico","76456","*****"
"0500000US36001","Albany County, New York","307117","*****"
"0500000US36005","Bronx County, New York","1432132","*****"
"0500000US36007","Broome County, New York","191659","*****"
"0500000US36009","Cattaraugus County, New York","76840","*****"
"0500000US36011","Cayuga County, New York","77145","*****"
"0500000US36013","Chautauqua County, New York","127939","*****"
"0500000US36015","Chemung County, New York","84254","*****"
"0500000US36019","Clinton County, New York","80695","*****"
"0500000US36027","Dutchess County, New York","293718","*****"
"0500000US36029","Erie County, New York","919719","*****"
"0500000US36045","Jefferson County, New York","111755","*****"
"0500000US36047","Kings County, New York","2582830","*****"
"0500000US36051","Livingston County, New York","63227","*****"
"0500000US36053","Madison County, New York","70795","*****"
"0500000US36055","Monroe County, New York","742474","*****"
"0500000US36059","Nassau County, New York","1358343","*****"
"0500000US36061","New York County, New York","1628701","*****"
"0500000US36063","Niagara County, New York","210433","*****"
"0500000US36065","Oneida County, New York","229577","*****"
"0500000US36067","Onondaga County, New York","461809","*****"
"0500000US36069","Ontario County, New York","109864","*****"
"0500000US36071","Orange County, New York","381951","*****"
"0500000US36075","Oswego County, New York","117898","*****"
"0500000US36079","Putnam County, New York","98892","*****"
"0500000US36081","Queens County, New York","2278906","*****"
"0500000US36083","Rensselaer County, New York","159442","*****"
"0500000US36085","Richmond County, New York","476179","*****"
"0500000US36087","Rockland County, New York","325695","*****"
"0500000US36089","St. Lawrence County, New York","108047","*****"
"0500000US36091","Saratoga County, New York","230163","*****"
"0500000US36093","Schenectady County, New York","155350","*****"
"0500000US36101","Steuben County, New York","95796","*****"
"0500000US36103","Suffolk County, New York","1481093","*****"
"0500000US36105","Sullivan County, New York","75498","*****"
"0500000US36109","Tompkins County, New York","102793","*****"
"0500000US36111","Ulster County, New York","178599","*****"
"0500000US36113","Warren County, New York","64265","*****"
"0500000US36117","Wayne County, New York","90064","*****"
"0500000US36119","Westchester County, New York","967612","*****"
"0500000US37001","Alamance County, North Carolina","166436","*****"
"0500000US37019","Brunswick County, North Carolina","136744","*****"
"0500000US37021","Buncombe County, North Carolina","259103","*****"
"0500000US37023","Burke County, North Carolina","90382","*****"
"0500000US37025","Cabarrus County, North Carolina","211342","*****"
"0500000US37027","Caldwell County, North Carolina","82029","*****"
"0500000US37031","Carteret County, North Carolina","69524","*****"
"0500000US37035","Catawba County, North Carolina","158652","*****"
"0500000US37037","Chatham County, North Carolina","73139","*****"
"0500000US37045","Cleveland County, North Carolina","97645","*****"
"0500000US37049","Craven County, North Carolina","102912","*****"
"0500000US37051","Cumberland County, North Carolina","332330","*****"
"0500000US37057","Davidson County, North Carolina","166614","*****"
"0500000US37063","Durham County, North Carolina","316739","*****"
"0500000US37067","Forsyth County, North Carolina","379099","*****"
"0500000US37069","Franklin County, North Carolina","67560","*****"
"0500000US37071","Gaston County, North Carolina","222846","*****"
"0500000US37081","Guilford County, North Carolina","533670","*****"
"0500000US37085","Harnett County, North Carolina","134214","*****"
"0500000US37089","Henderson County, North Carolina","116748","*****"
"0500000US37097","Iredell County, North Carolina","178435","*****"
"0500000US37101","Johnston County, North Carolina","202675","*****"
"0500000US37109","Lincoln County, North Carolina","83770","*****"
"0500000US37119","Mecklenburg County, North Carolina","1093901","*****"
"0500000US37125","Moore County, North Carolina","98682","*****"
"0500000US37127","Nash County, North Carolina","94016","*****"
"0500000US37129","New Hanover County, North Carolina","232274","*****"
"0500000US37133","Onslow County, North Carolina","197683","*****"
"0500000US37135","Orange County, North Carolina","146027","*****"
"0500000US37147","Pitt County, North Carolina","179914","*****"
"0500000US37151","Randolph County, North Carolina","143351","*****"
"0500000US37155","Robeson County, North Carolina","131831","*****"
"0500000US37157","Rockingham County, North Carolina","90690","*****"
"0500000US37159","Rowan County, North Carolina","141262","*****"
"0500000US37161","Rutherford County, North Carolina","66826","*****"
"0500000US37171","Surry County, North Carolina","71948","*****"
"0500000US37179","Union County, North Carolina","235908","*****"
"0500000US37183","Wake County, North Carolina","1092305","*****"
"0500000US37191","Wayne County, North Carolina","123248","*****"
"0500000US37193","Wilkes County, North Carolina","68557","*****"
"0500000US37195","Wilson County, North Carolina","81455","*****"
"0500000US38015","Burleigh County, North Dakota","95273","*****"
"0500000US38017","Cass County, North Dakota","181516","*****"
"0500000US38035","Grand Forks County, North Dakota","70770","*****"
"0500000US38101","Ward County, North Dakota","67744","*****"
"0500000US39003","Allen County, Ohio","102663","*****"
"0500000US39007","Ashtabula County, Ohio","97493","*****"
"0500000US39009","Athens County, Ohio","65818","*****"
"0500000US39013","Belmont County, Ohio","67505","*****"
"0500000US39017","Butler County, Ohio","382378","*****"
"0500000US39023","Clark County, Ohio","134585","*****"
"0500000US39025","Clermont County, Ohio","205466","*****"
"0500000US39029","Columbiana County, Ohio","102665","*****"
"0500000US39035","Cuyahoga County, Ohio","1243857","*****"
"0500000US39041","Delaware County, Ohio","204826","*****"
"0500000US39043","Erie County, Ohio","74615","*****"
"0500000US39045","Fairfield County, Ohio","155782","*****"
"0500000US39049","Franklin County, Ohio","1310300","*****"
"0500000US39055","Geauga County, Ohio","94031","*****"
"0500000US39057","Greene County, Ohio","167995","*****"
"0500000US39061","Hamilton County, Ohio","816684","*****"
"0500000US39063","Hancock County, Ohio","75930","*****"
"0500000US39081","Jefferson County, Ohio","65767","*****"
"0500000US39085","Lake County, Ohio","230514","*****"
"0500000US39089","Licking County, Ohio","175769","*****"
"0500000US39093","Lorain County, Ohio","309461","*****"
"0500000US39095","Lucas County, Ohio","429899","*****"
"0500000US39099","Mahoning County, Ohio","229642","*****"
"0500000US39101","Marion County, Ohio","65256","*****"
"0500000US39103","Medina County, Ohio","179146","*****"
"0500000US39109","Miami County, Ohio","106222","*****"
"0500000US39113","Montgomery County, Ohio","532331","*****"
"0500000US39119","Muskingum County, Ohio","86183","*****"
"0500000US39133","Portage County, Ohio","162927","*****"
"0500000US39139","Richland County, Ohio","121099","*****"
"0500000US39141","Ross County, Ohio","76931","*****"
"0500000US39145","Scioto County, Ohio","75502","*****"
"0500000US39151","Stark County, Ohio","371574","*****"
"0500000US39153","Summit County, Ohio","541918","*****"
"0500000US39155","Trumbull County, Ohio","198627","*****"
"0500000US39157","Tuscarawas County, Ohio","92176","*****"
"0500000US39165","Warren County, Ohio","232173","*****"
"0500000US39169","Wayne County, Ohio","115967","*****"
"0500000US39173","Wood County, Ohio","130696","*****"
"0500000US40017","Canadian County, Oklahoma","144447","*****"
"0500000US40027","Cleveland County, Oklahoma","281669","*****"
"0500000US40031","Comanche County, Oklahoma","120422","*****"
"0500000US40037","Creek County, Oklahoma","71604","*****"
"0500000US40101","Muskogee County, Oklahoma","68362","*****"
"0500000US40109","Oklahoma County, Oklahoma","792582","*****"
"0500000US40119","Payne County, Oklahoma","82040","*****"
"0500000US40125","Pottawatomie County, Oklahoma","72679","*****"
"0500000US40131","Rogers County, Oklahoma","91984","*****"
"0500000US40143","Tulsa County, Oklahoma","648360","*****"
"0500000US40145","Wagoner County, Oklahoma","80110","*****"
"0500000US41003","Benton County, Oregon","92101","*****"
"0500000US41005","Clackamas County, Oregon","416075","*****"
"0500000US41017","Deschutes County, Oregon","191996","*****"
"0500000US41019","Douglas County, Oregon","110283","*****"
"0500000US41029","Jackson County, Oregon","219564","*****"
"0500000US41033","Josephine County, Oregon","87393","*****"
"0500000US41035","Klamath County, Oregon","67653","*****"
"0500000US41039","Lane County, Oregon","379611","*****"
"0500000US41043","Linn County, Oregon","127335","*****"
"0500000US41047","Marion County, Oregon","346868","*****"
"0500000US41051","Multnomah County, Oregon","811880","*****"
"0500000US41053","Polk County, Oregon","85234","*****"
"0500000US41059","Umatilla County, Oregon","77516","*****"
"0500000US41067","Washington County, Oregon","597695","*****"
"0500000US41071","Yamhill County, Oregon","107002","*****"
"0500000US42001","Adams County, Pennsylvania","102811","*****"
"0500000US42003","Allegheny County, Pennsylvania","1218452","*****"
"0500000US42005","Armstrong County, Pennsylvania","65263","*****"
"0500000US42007","Beaver County, Pennsylvania","164742","*****"
"0500000US42011","Berks County, Pennsylvania","420152","*****"
"0500000US42013","Blair County, Pennsylvania","122492","*****"
"0500000US42017","Bucks County, Pennsylvania","628195","*****"
"0500000US42019","Butler County, Pennsylvania","187888","*****"
"0500000US42021","Cambria County, Pennsylvania","131730","*****"
"0500000US42025","Carbon County, Pennsylvania","64227","*****"
"0500000US42027","Centre County, Pennsylvania","162805","*****"
"0500000US42029","Chester County, Pennsylvania","522046","*****"
"0500000US42033","Clearfield County, Pennsylvania","79388","*****"
"0500000US42037","Columbia County, Pennsylvania","65456","*****"
"0500000US42039","Crawford County, Pennsylvania","85063","*****"
"0500000US42041","Cumberland County, Pennsylvania","251423","*****"
"0500000US42043","Dauphin County, Pennsylvania","277097","*****"
"0500000US42045","Delaware County, Pennsylvania","564751","*****"
"0500000US42049","Erie County, Pennsylvania","272061","*****"
"0500000US42051","Fayette County, Pennsylvania","130441","*****"
"0500000US42055","Franklin County, Pennsylvania","154835","*****"
"0500000US42063","Indiana County, Pennsylvania","84501","*****"
"0500000US42069","Lackawanna County, Pennsylvania","210793","*****"
"0500000US42071","Lancaster County, Pennsylvania","543557","*****"
"0500000US42073","Lawrence County, Pennsylvania","86184","*****"
"0500000US42075","Lebanon County, Pennsylvania","141314","*****"
"0500000US42077","Lehigh County, Pennsylvania","368100","*****"
"0500000US42079","Luzerne County, Pennsylvania","317646","*****"
"0500000US42081","Lycoming County, Pennsylvania","113664","*****"
"0500000US42085","Mercer County, Pennsylvania","110683","*****"
"0500000US42089","Monroe County, Pennsylvania","169507","*****"
"0500000US42091","Montgomery County, Pennsylvania","828604","*****"
"0500000US42095","Northampton County, Pennsylvania","304807","*****"
"0500000US42097","Northumberland County, Pennsylvania","91083","*****"
"0500000US42101","Philadelphia County, Pennsylvania","1584138","*****"
"0500000US42107","Schuylkill County, Pennsylvania","142067","*****"
"0500000US42111","Somerset County, Pennsylvania","73952","*****"
"0500000US42125","Washington County, Pennsylvania","207346","*****"
"0500000US42129","Westmoreland County, Pennsylvania","350611","*****"
"0500000US42133","York County, Pennsylvania","448273","*****"
"0500000US44003","Kent County, Rhode Island","163861","*****"
"0500000US44005","Newport County, Rhode Island","82542","*****"
"0500000US44007","Providence County, Rhode Island","636084","*****"
"0500000US44009","Washington County, Rhode Island","126179","*****"
"0500000US45003","Aiken County, South Carolina","169401","*****"
"0500000US45007","Anderson County, South Carolina","200482","*****"
"0500000US45013","Beaufort County, South Carolina","188715","*****"
"0500000US45015","Berkeley County, South Carolina","221091","*****"
"0500000US45019","Charleston County, South Carolina","405905","*****"
"0500000US45031","Darlington County, South Carolina","66802","*****"
"0500000US45035","Dorchester County, South Carolina","160647","*****"
"0500000US45041","Florence County, South Carolina","138159","*****"
"0500000US45045","Greenville County, South Carolina","514213","*****"
"0500000US45047","Greenwood County, South Carolina","70741","*****"
"0500000US45051","Horry County, South Carolina","344147","*****"
"0500000US45055","Kershaw County, South Carolina","65592","*****"
"0500000US45057","Lancaster County, South Carolina","95380","*****"
"0500000US45059","Laurens County, South Carolina","66994","*****"
"0500000US45063","Lexington County, South Carolina","295032","*****"
"0500000US45073","Oconee County, South Carolina","78374","*****"
"0500000US45075","Orangeburg County, South Carolina","86934","*****"
"0500000US45077","Pickens County, South Carolina","124937","*****"
"0500000US45079","Richland County, South Carolina","414576","*****"
"0500000US45083","Spartanburg County, South Carolina","313888","*****"
"0500000US45085","Sumter County, South Carolina","106512","*****"
"0500000US45091","York County, South Carolina","274118","*****"
"0500000US46099","Minnehaha County, South Dakota","192876","*****"
"0500000US46103","Pennington County, South Dakota","111729","*****"
"0500000US47001","Anderson County, Tennessee","76482","*****"
"0500000US47009","Blount County, Tennessee","131349","*****"
"0500000US47011","Bradley County, Tennessee","106727","*****"
"0500000US47037","Davidson County, Tennessee","692587","*****"
"0500000US47059","Greene County, Tennessee","69087","*****"
"0500000US47065","Hamilton County, Tennessee","364286","*****"
"0500000US47093","Knox County, Tennessee","465289","*****"
"0500000US47113","Madison County, Tennessee","97605","*****"
"0500000US47119","Maury County, Tennessee","94340","*****"
"0500000US47125","Montgomery County, Tennessee","205950","*****"
"0500000US47141","Putnam County, Tennessee","78843","*****"
"0500000US47147","Robertson County, Tennessee","71012","*****"
"0500000US47149","Rutherford County, Tennessee","324890","*****"
"0500000US47155","Sevier County, Tennessee","97892","*****"
"0500000US47157","Shelby County, Tennessee","935764","*****"
"0500000US47163","Sullivan County, Tennessee","157668","*****"
"0500000US47165","Sumner County, Tennessee","187149","*****"
"0500000US47179","Washington County, Tennessee","128607","*****"
"0500000US47187","Williamson County, Tennessee","231729","*****"
"0500000US47189","Wilson County, Tennessee","140625","*****"
"0500000US48005","Angelina County, Texas","87092","*****"
"0500000US48021","Bastrop County, Texas","86976","*****"
"0500000US48027","Bell County, Texas","355642","*****"
"0500000US48029","Bexar County, Texas","1986049","*****"
"0500000US48037","Bowie County, Texas","94324","*****"
"0500000US48039","Brazoria County, Texas","370200","*****"
"0500000US48041","Brazos County, Texas","226758","*****"
"0500000US48061","Cameron County, Texas","423908","*****"
"0500000US48085","Collin County, Texas","1005146","*****"
"0500000US48091","Comal County, Texas","148373","*****"
"0500000US48099","Coryell County, Texas","74808","*****"
"0500000US48113","Dallas County, Texas","2637772","*****"
"0500000US48121","Denton County, Texas","859064","*****"
"0500000US48135","Ector County, Texas","162124","*****"
"0500000US48139","Ellis County, Texas","179436","*****"
"0500000US48141","El Paso County, Texas","840758","*****"
"0500000US48157","Fort Bend County, Texas","787858","*****"
"0500000US48167","Galveston County, Texas","337890","*****"
"0500000US48181","Grayson County, Texas","133991","*****"
"0500000US48183","Gregg County, Texas","123707","*****"
"0500000US48187","Guadalupe County, Texas","163694","*****"
"0500000US48201","Harris County, Texas","4698619","*****"
"0500000US48203","Harrison County, Texas","66726","*****"
"0500000US48209","Hays County, Texas","222631","*****"
"0500000US48213","Henderson County, Texas","82299","*****"
"0500000US48215","Hidalgo County, Texas","865939","*****"
"0500000US48231","Hunt County, Texas","96493","*****"
"0500000US48245","Jefferson County, Texas","255001","*****"
"0500000US48251","Johnson County, Texas","171361","*****"
"0500000US48257","Kaufman County, Texas","128622","*****"
"0500000US48291","Liberty County, Texas","86323","*****"
"0500000US48303","Lubbock County, Texas","307412","*****"
"0500000US48309","McLennan County, Texas","254607","*****"
"0500000US48329","Midland County, Texas","172578","*****"
"0500000US48339","Montgomery County, Texas","590925","*****"
"0500000US48347","Nacogdoches County, Texas","65711","*****"
"0500000US48355","Nueces County, Texas","362265","*****"
"0500000US48361","Orange County, Texas","83572","*****"
"0500000US48367","Parker County, Texas","138371","*****"
"0500000US48375","Potter County, Texas","119648","*****"
"0500000US48381","Randall County, Texas","136271","*****"
"0500000US48397","Rockwall County, Texas","100657","*****"
"0500000US48409","San Patricio County, Texas","66893","*****"
"0500000US48423","Smith County, Texas","230221","*****"
"0500000US48439","Tarrant County, Texas","2084931","*****"
"0500000US48441","Taylor County, Texas","137640","*****"
"0500000US48451","Tom Green County, Texas","118189","*****"
"0500000US48453","Travis County, Texas","1248743","*****"
"0500000US48469","Victoria County, Texas","92035","*****"
"0500000US48471","Walker County, Texas","72480","*****"
"0500000US48479","Webb County, Texas","275910","*****"
"0500000US48485","Wichita County, Texas","132064","*****"
"0500000US48491","Williamson County, Texas","566719","*****"
"0500000US48497","Wise County, Texas","68305","*****"
"0500000US49005","Cache County, Utah","127068","*****"
"0500000US49011","Davis County, Utah","351713","*****"
"0500000US49035","Salt Lake County, Utah","1152633","*****"
"0500000US49045","Tooele County, Utah","69907","*****"
"0500000US49049","Utah County, Utah","622213","*****"
"0500000US49053","Washington County, Utah","171700","*****"
"0500000US49057","Weber County, Utah","256359","*****"
"0500000US50007","Chittenden County, Vermont","164572","*****"
"0500000US51003","Albemarle County, Virginia","108718","*****"
"0500000US51013","Arlington County, Virginia","237521","*****"
"0500000US51015","Augusta County, Virginia","75457","*****"
"0500000US51019","Bedford County, Virginia","78747","*****"
"0500000US51041","Chesterfield County, Virginia","348556","*****"
"0500000US51059","Fairfax County, Virginia","1150795","*****"
"0500000US51061","Fauquier County, Virginia","70675","*****"
"0500000US51069","Frederick County, Virginia","88355","*****"
"0500000US51085","Hanover County, Virginia","107239","*****"
"0500000US51087","Henrico County, Virginia","329261","*****"
"0500000US51095","James City County, Virginia","76397","*****"
"0500000US51107","Loudoun County, Virginia","406850","*****"
"0500000US51121","Montgomery County, Virginia","98985","*****"
"0500000US51153","Prince William County, Virginia","468011","*****"
"0500000US51161","Roanoke County, Virginia","94073","*****"
"0500000US51165","Rockingham County, Virginia","81244","*****"
"0500000US51177","Spotsylvania County, Virginia","134238","*****"
"0500000US51179","Stafford County, Virginia","149960","*****"
"0500000US51199","York County, Virginia","67846","*****"
"0500000US51510","Alexandria city, Virginia","160530","*****"
"0500000US51550","Chesapeake city, Virginia","242634","*****"
"0500000US51650","Hampton city, Virginia","134313","*****"
"0500000US51680","Lynchburg city, Virginia","82126","*****"
"0500000US51700","Newport News city, Virginia","178626","*****"
"0500000US51710","Norfolk city, Virginia","244076","*****"
"0500000US51740","Portsmouth city, Virginia","94632","*****"
"0500000US51760","Richmond city, Virginia","228783","*****"
"0500000US51770","Roanoke city, Virginia","99920","*****"
"0500000US51800","Suffolk city, Virginia","91185","*****"
"0500000US51810","Virginia Beach city, Virginia","450189","*****"
"0500000US53005","Benton County, Washington","201877","*****"
"0500000US53007","Chelan County, Washington","77036","*****"
"0500000US53009","Clallam County, Washington","76737","*****"
"0500000US53011","Clark County, Washington","481857","*****"
"0500000US53015","Cowlitz County, Washington","108987","*****"
"0500000US53021","Franklin County, Washington","94347","*****"
"0500000US53025","Grant County, Washington","97331","*****"
"0500000US53027","Grays Harbor County, Washington","73901","*****"
"0500000US53029","Island County, Washington","84460","*****"
"0500000US53033","King County, Washington","2233163","*****"
"0500000US53035","Kitsap County, Washington","269805","*****"
"0500000US53041","Lewis County, Washington","79604","*****"
"0500000US53045","Mason County, Washington","65507","*****"
"0500000US53053","Pierce County, Washington","891299","*****"
"0500000US53057","Skagit County, Washington","128206","*****"
"0500000US53061","Snohomish County, Washington","814901","*****"
"0500000US53063","Spokane County, Washington","514631","*****"
"0500000US53067","Thurston County, Washington","286419","*****"
"0500000US53073","Whatcom County, Washington","225685","*****"
"0500000US53077","Yakima County, Washington","251446","*****"
"0500000US54003","Berkeley County, West Virginia","117123","*****"
"0500000US54011","Cabell County, West Virginia","93224","*****"
"0500000US54033","Harrison County, West Virginia","67554","*****"
"0500000US54039","Kanawha County, West Virginia","180454","*****"
"0500000US54061","Monongalia County, West Virginia","106420","*****"
"0500000US54081","Raleigh County, West Virginia","74254","*****"
"0500000US54107","Wood County, West Virginia","84203","*****"
"0500000US55009","Brown County, Wisconsin","263378","*****"
"0500000US55025","Dane County, Wisconsin","542364","*****"
"0500000US55027","Dodge County, Wisconsin","87847","*****"
"0500000US55035","Eau Claire County, Wisconsin","104534","*****"
"0500000US55039","Fond du Lac County, Wisconsin","103066","*****"
"0500000US55055","Jefferson County, Wisconsin","85129","*****"
"0500000US55059","Kenosha County, Wisconsin","169290","*****"
"0500000US55063","La Crosse County, Wisconsin","118230","*****"
"0500000US55071","Manitowoc County, Wisconsin","79074","*****"
"0500000US55073","Marathon County, Wisconsin","135428","*****"
"0500000US55079","Milwaukee County, Wisconsin","948201","*****"
"0500000US55087","Outagamie County, Wisconsin","187365","*****"
"0500000US55089","Ozaukee County, Wisconsin","89147","*****"
"0500000US55097","Portage County, Wisconsin","70942","*****"
"0500000US55101","Racine County, Wisconsin","196584","*****"
"0500000US55105","Rock County, Wisconsin","163129","*****"
"0500000US55109","St. Croix County, Wisconsin","89694","*****"
"0500000US55117","Sheboygan County, Wisconsin","115456","*****"
"0500000US55127","Walworth County, Wisconsin","103718","*****"
"0500000US55131","Washington County, Wisconsin","135693","*****"
"0500000US55133","Waukesha County, Wisconsin","403072","*****"
"0500000US55139","Winnebago County, Wisconsin","171020","*****"
"0500000US55141","Wood County, Wisconsin","73055","*****"
"0500000US56021","Laramie County, Wyoming","98976","*****"
"0500000US56025","Natrona County, Wyoming","79115","*****"
"0500000US72013","Arecibo Municipio, Puerto Rico","82114","*****"
"0500000US72021","Bayamón Municipio, Puerto Rico","170480","*****"
"0500000US72025","Caguas Municipio, Puerto Rico","124434","*****"
"0500000US72031","Carolina Municipio, Puerto Rico","147661","*****"
"0500000US72061","Guaynabo Municipio, Puerto Rico","83787","*****"
"0500000US72097","Mayagüez Municipio, Puerto Rico","71986","*****"
"0500000US72113","Ponce Municipio, Puerto Rico","133191","*****"
"0500000US72127","San Juan Municipio, Puerto Rico","320967","*****"
"0500000US72135","Toa Alta Municipio, Puerto Rico","71094","*****"
"0500000US72137","Toa Baja Municipio, Puerto Rico","74623","*****"
"0500000US72139","Trujillo Alto Municipio, Puerto Rico","63746","*****"
